Name,Area (sqmm)
A.H.U #1,
A.H.U #2,
CHW,
CO-FA #1,
CO-FA #2,
CO-RA #1,
CO-RA #2,
ELEC,
ELV,
F LIFT,
F LOBBY,
F.TOILET,
FHC #1,
FHC #2,
H.TOILET,
LIFT B1,
LIFT B2,
LIFT B3,
LIFT B4,
LIFT B5,
LIFT FOR OBSERVATORY #1,
LIFT FOR OBSERVATORY #2,
LOBBY-1,
LOBBY-2,
LOBBY-3,
LOBBY-4,
LOBBY. PRESSURIZATION,
LOBBY. PRESSURIZATION SHAFT #1,
LOBBY. PRESSURIZATION SHAFT #2,
M.TOILET,
OFFICE,
PANTRY,
PASSAGE #1,
PASSAGE #2,
PLUMBING SHAFT,
RWS,
S LIFT - 1,
S LIFT - 2,
STAIRCASE-1,
STAIRCASE-2,
STR. PRESSURIZATION SHAFT #1,
STR. PRESSURIZATION SHAFT #2,
TOILET/PANTRY EXE,
